Workbook

Sheet Summary
A2: CellSize | B2: AvgSatTest | C2: Average collisions | D2: Average frame time
A3: 0 | B3: 124750 | C3: =ROUND(AVERAGE(nogrid_tetra_500!G:G),2) -> 2.85 | D3: =ROUND(AVERAGE(nogrid_tetra_500!D:D),2) -> 3.16
A4: 200 | B4: =INT(AVERAGE(grid_500tetra_cellSize_200!E:E)) -> 71814 | C4: =ROUND(AVERAGE(grid_500tetra_cellSize_200!G:G),2) -> 2.84 | D4: =ROUND(AVERAGE(grid_500tetra_cellSize_200!D:D),2) -> 1.83
A5: 100 | B5: =INT(AVERAGE(grid_500tetra_cellSize_100!E:E)) -> 70438 | C5: =ROUND(AVERAGE(grid_500tetra_cellSize_100!G:G),2) -> 2.84 | D5: =ROUND(AVERAGE(grid_500tetra_cellSize_100!D:D),2) -> 1.8
A6: 50 | B6: =INT(AVERAGE(grid_500tetra_cellSize_50!E:E)) -> 17357 | C6: =ROUND(AVERAGE(grid_500tetra_cellSize_50!G:G),2) -> 2.83 | D6: =ROUND(AVERAGE(grid_500tetra_cellSize_50!D:D),2) -> 0.46
A7: 25 | B7: =INT(AVERAGE(grid_500tetra_cellSize_25!E:E)) -> 3756 | C7: =ROUND(AVERAGE(grid_500tetra_cellSize_25!G:G),2) -> 2.8 | D7: =ROUND(AVERAGE(grid_500tetra_cellSize_25!D:D),2) -> 0.11
A8: 10 | B8: =INT(AVERAGE(grid_500tetra_cellSize_10!E:E)) -> 494 | C8: =ROUND(AVERAGE(grid_500tetra_cellSize_10!G:G),2) -> 2.81 | D8: =ROUND(AVERAGE(grid_500tetra_cellSize_10!D:D),2) -> 0.02
A9: 5 | B9: =INT(AVERAGE(grid_500tetra_cellSize_5!E:E)) -> 109 | C9: =ROUND(AVERAGE(grid_500tetra_cellSize_5!G:G),2) -> 2.82 | D9: =ROUND(AVERAGE(grid_500tetra_cellSize_5!D:D),2) -> 0.01
A13: Object count | B13: Average frame time for tetrahedron without grid | C13: Average frame time for tetrahedron with grid | D13: Average frame time for cubes without grid | E13: Average frame time for cubes with grid
A14: 10 | B14: =ROUND(AVERAGE(nogrid_tetra_10!D:D),4) -> 0.0022 | C14: =ROUND(AVERAGE(grid_cellSize10_10_tetra!D:D),4) -> 0.0006 | D14: =ROUND(AVERAGE(nogrid_cubes_10!D:D),4) -> 0.0098 | E14: =ROUND(AVERAGE(grid_cellSize10_10_cubes!D:D),4) -> 0.0007
A15: 50 | B15: =ROUND(AVERAGE(nogrid_tetra_50!D:D),4) -> 0.0337 | C15: =ROUND(AVERAGE(grid_cellSize10_50_tetra!D:D),4) -> 0.0009 | D15: =ROUND(AVERAGE(nogrid_cubes_50!D:D),4) -> 0.238 | E15: =ROUND(AVERAGE(grid_cellSize10_50_cubes!D:D),4) -> 0.0021
A16: 100 | B16: =ROUND(AVERAGE(nogrid_tetra_100!D:D),4) -> 0.1353 | C16: =ROUND(AVERAGE(grid_cellSize10_100_tetra!D:D),4) -> 0.0018 | D16: =ROUND(AVERAGE(nogrid_cubes_100!D:D),4) -> 0.9327 | E16: =ROUND(AVERAGE(grid_cellSize10_100_cubes!D:D),4) -> 0.0064
A17: 200 | B17: =ROUND(AVERAGE(nogrid_tetra_200!D:D),4) -> 0.5166 | C17: =ROUND(AVERAGE(grid_cellSize10_200_tetra!D:D),4) -> 0.0042 | D17: =ROUND(AVERAGE(nogrid_cubes_200!D:D),4) -> 3.5995 | E17: =ROUND(AVERAGE(grid_cellSize10_200_cubes!D:D),4) -> 0.0198
A18: 500 | B18: =ROUND(AVERAGE(nogrid_tetra_500!D:D),4) -> 3.1629 | C18: =ROUND(AVERAGE(grid_cellSize10_500_tetra!D:D),4) -> 0.0188 | D18: crashed | E18: =ROUND(AVERAGE(grid_500cubes_cellSize_10!D:D),4) -> 0.1143
A33: Object count | B33: No grid SAT | C33: Average SAT tests for tetrahedron with grid on (cellSize = 10) | D33: Average SAT tests for cubes with grid on (cellSize = 10)
A34: 10 | B34: =ROUND(AVERAGE(nogrid_cubes_10!E:E),1) -> 45 | C34: =ROUND(AVERAGE(grid_cellSize10_10_tetra!E:E),1) -> 0 | D34: =ROUND(AVERAGE(grid_cellSize10_10_cubes!E:E),1) -> 0
A35: 50 | B35: =ROUND(AVERAGE(nogrid_cubes_50!E:E),1) -> 1225 | C35: =ROUND(AVERAGE(grid_cellSize10_50_tetra!E:E),1) -> 3.4 | D35: =ROUND(AVERAGE(grid_cellSize10_50_cubes!E:E),1) -> 4.7
A36: 100 | B36: =ROUND(AVERAGE(nogrid_cubes_100!E:E),1) -> 4950 | C36: =ROUND(AVERAGE(grid_cellSize10_100_tetra!E:E),1) -> 19.1 | D36: =ROUND(AVERAGE(grid_cellSize10_100_cubes!E:E),1) -> 21.8
A37: 200 | B37: =ROUND(AVERAGE(nogrid_cubes_200!E:E),1) -> 19900 | C37: =ROUND(AVERAGE(grid_cellSize10_200_tetra!E:E),1) -> 73 | D37: =ROUND(AVERAGE(grid_cellSize10_200_cubes!E:E),1) -> 83.5
A38: 500 | B38: 124750 | C38: =ROUND(AVERAGE(grid_cellSize10_500_tetra!E:E),1) -> 488.2
A57: Cell size | B57: Tetra collisions | C57: Cube collisions | D57: Tetra frame time (s) | E57: Cube frame time (s)
A58: 1 | B58: =ROUND(AVERAGE(grid_500tetra_cellSize_1!G:G),3) -> 0.322 | C58: =ROUND(AVERAGE(grid_500cubes_cellSize_1!G:G),3) -> 1.221 | D58: =ROUND(AVERAGE(grid_500tetra_cellSize_1!D:D),3) -> 0.006 | E58: =ROUND(AVERAGE(grid_500cubes_cellSize_1!D:D),3) -> 0.01
A59: 5 | B59: =ROUND(AVERAGE(grid_500tetra_cellSize_5!G:G),3) -> 2.819 | C59: =ROUND(AVERAGE(grid_500cubes_cellSize_5!G:G),3) -> 3.945 | D59: =ROUND(AVERAGE(grid_500tetra_cellSize_5!D:D),3) -> 0.009 | E59: =ROUND(AVERAGE(grid_500cubes_cellSize_5!D:D),3) -> 0.035
A60: 10 | B60: =ROUND(AVERAGE(grid_500tetra_cellSize_10!G:G),3) -> 2.809 | C60: =ROUND(AVERAGE(grid_500cubes_cellSize_10!G:G),3) -> 7.377 | D60: =ROUND(AVERAGE(grid_500tetra_cellSize_10!D:D),3) -> 0.019 | E60: =ROUND(AVERAGE(grid_500cubes_cellSize_10!D:D),3) -> 0.114
A61: 25 | B61: =ROUND(AVERAGE(grid_500tetra_cellSize_25!G:G),3) -> 2.799 | C61: =ROUND(AVERAGE(grid_500cubes_cellSize_25!G:G),3) -> 7.342 | D61: =ROUND(AVERAGE(grid_500tetra_cellSize_25!D:D),3) -> 0.108 | E61: =ROUND(AVERAGE(grid_500cubes_cellSize_25!D:D),3) -> 0.705
A62: 50 | B62: =ROUND(AVERAGE(grid_500tetra_cellSize_50!G:G),3) -> 2.829 | C62: =ROUND(AVERAGE(grid_500cubes_cellSize_50!G:G),3) -> 7.709 | D62: =ROUND(AVERAGE(grid_500tetra_cellSize_50!D:D),3) -> 0.46 | E62: =ROUND(AVERAGE(grid_500cubes_cellSize_50!D:D),3) -> 3.232
A63: Baseline | B63: =ROUND(AVERAGE(nogrid_tetra_500!G:G),3) -> 2.849 | C63: =ROUND(AVERAGE(grid_500cubes_cellSize_50!G:G),3) -> 7.709 | D63: =ROUND(AVERAGE(nogrid_tetra_500!D:D),3) -> 3.163 | E63: N/A - crashed

Sheet grid_500cubes_cellSize_1
A1: time | B1: frame | C1: fps | D1: frameTime | E1: satTests | F1: satTime | G1: collisions | I1: label | J1: objects | K1: useGrid | L1: seed | M1: cellSize
A2: 0.025304699 | B2: 1 | C2: 0 | D2: 0 | E2: 0 | F2: 0 | G2: 0 | I2: grid_500cubes_cellSize_1 | J2: 500 | K2: 1 | L2: 47 | M2: 1
A3: 0.037464298 | B3: 2 | C3: 19.063232 | D3: 0.052457001 | E3: 0 | F3: 0 | G3: 0
A4: 0.046246499 | B4: 3 | C4: 111.66447 | D4: 0.0089554004 | E4: 0 | F4: 0 | G4: 0
A5: 0.0611738 | B5: 4 | C5: 70.216827 | D5: 0.0142416 | E5: 0 | F5: 0 | G5: 0
A6: 0.068823501 | B6: 5 | C6: 119.99472 | D6: 0.0083336998 | E6: 0 | F6: 0 | G6: 0
A7: 0.076185197 | B7: 6 | C7: 133.26581 | D7: 0.0075038001 | E7: 0 | F7: 0 | G7: 0
A8: 0.083550401 | B8: 7 | C8: 136.10812 | D8: 0.0073470999 | E8: 0 | F8: 0 | G8: 0
A9: 0.090811796 | B9: 8 | C9: 136.82698 | D9: 0.0073084999 | E9: 0 | F9: 0 | G9: 0
A10: 0.098193899 | B10: 9 | C10: 137.25894 | D10: 0.0072854999 | E10: 0 | F10: 0 | G10: 0
A11: 0.1057852 | B11: 10 | C11: 129.99338 | D11: 0.0076926998 | E11: 0 | F11: 0 | G11: 0
A12: 0.1135255 | B12: 11 | C12: 138.53293 | D12: 0.0072185001 | E12: 0 | F12: 0 | G12: 0
A13: 0.1212099 | B13: 12 | C13: 126.75075 | D13: 0.0078894999 | E13: 0 | F13: 0 | G13: 0
A14: 0.1292112 | B14: 13 | C14: 130.78734 | D14: 0.007646 | E14: 0 | F14: 0 | G14: 0
... A200: 2.0030646 | B200: 199 | C200: 85.216621 | D200: 0.0117348 | E200: 1 | F200: 0.0020203 | G200: 1

Sheet grid_500cubes_cellSize_5
A1: time | B1: frame | C1: fps | D1: frameTime | E1: satTests | F1: satTime | G1: collisions | I1: label | J1: objects | K1: useGrid | L1: seed | M1: cellSize
A2: 0.058143999 | B2: 1 | C2: 0 | D2: 0 | E2: 111 | F2: 0.0318508 | G2: 6 | I2: grid_500cubes_cellSize_5 | J2: 500 | K2: 1 | L2: 47 | M2: 5
A3: 0.1041851 | B3: 2 | C3: 13.953093 | D3: 0.071668699 | E3: 109 | F3: 0.0316787 | G3: 6
A4: 0.1472729 | B4: 3 | C4: 23.453587 | D4: 0.0426374 | E4: 109 | F4: 0.0312401 | G4: 6
A5: 0.1867031 | B5: 4 | C5: 24.545599 | D5: 0.040740501 | E5: 111 | F5: 0.0316396 | G5: 6
A6: 0.2263262 | B6: 5 | C6: 25.260691 | D6: 0.0395872 | E6: 113 | F6: 0.0318087 | G6: 6
A7: 0.2646789 | B7: 6 | C7: 25.609112 | D7: 0.039048601 | E7: 105 | F7: 0.0304389 | G7: 6
A8: 0.3027136 | B8: 7 | C8: 25.936569 | D8: 0.0385556 | E8: 105 | F8: 0.0302776 | G8: 6
A9: 0.34151691 | B9: 8 | C9: 26.349768 | D9: 0.037951 | E9: 106 | F9: 0.0305309 | G9: 6
A10: 0.37898871 | B10: 9 | C10: 25.851282 | D10: 0.0386828 | E10: 103 | F10: 0.0300973 | G10: 6
A11: 0.41900349 | B11: 10 | C11: 26.670719 | D11: 0.037494302 | E11: 115 | F11: 0.0322987 | G11: 6
A12: 0.45713279 | B12: 11 | C12: 25.028095 | D12: 0.039955098 | E12: 115 | F12: 0.0305518 | G12: 5
A13: 0.49470079 | B13: 12 | C13: 26.188637 | D13: 0.038184501 | E13: 112 | F13: 0.0299161 | G13: 5
A14: 0.53374881 | B14: 13 | C14: 26.689369 | D14: 0.037468102 | E14: 113 | F14: 0.0318731 | G14: 6
... A200: 7.0761213 | B200: 199 | C200: 28.669807 | D200: 0.034879901 | E200: 106 | F200: 0.0270945 | G200: 4

Sheet grid_500cubes_cellSize_10
A1: time | B1: frame | C1: fps | D1: frameTime | E1: satTests | F1: satTime | G1: collisions | I1: label | J1: objects | K1: useGrid | L1: seed | M1: cellSize
A2: 0.1251412 | B2: 1 | C2: 0 | D2: 0 | E2: 461 | F2: 0.0993454 | G2: 8 | I2: grid_500cubes_cellSize_10 | J2: 500 | K2: 1 | L2: 47 | M2: 10
A3: 0.2441166 | B3: 2 | C3: 6.7077222 | D3: 0.1490819 | E3: 468 | F3: 0.1050654 | G3: 8
A4: 0.35181811 | B4: 3 | C4: 8.7541599 | D4: 0.1142314 | E4: 446 | F4: 0.0991017 | G4: 8
A5: 0.46099511 | B5: 4 | C5: 9.2750444 | D5: 0.1078162 | E5: 445 | F5: 0.0990419 | G5: 8
A6: 0.59210819 | B6: 5 | C6: 9.2332516 | D6: 0.1083042 | E6: 447 | F6: 0.1002112 | G6: 9
A7: 0.7011016 | B7: 6 | C7: 7.6495881 | D7: 0.13072599 | E7: 441 | F7: 0.0995091 | G7: 9
A8: 0.81094611 | B8: 7 | C8: 9.1585407 | D8: 0.1091877 | E8: 450 | F8: 0.0995208 | G8: 8
A9: 0.91791272 | B9: 8 | C9: 9.0008516 | D9: 0.1111006 | E9: 443 | F9: 0.0977542 | G9: 8
A10: 1.0242296 | B10: 9 | C10: 9.4828796 | D10: 0.1054532 | E10: 440 | F10: 0.0970074 | G10: 8
A11: 1.1294034 | B11: 10 | C11: 9.4040117 | D11: 0.1063376 | E11: 442 | F11: 0.0956621 | G11: 7
A12: 1.2355067 | B12: 11 | C12: 9.5075836 | D12: 0.1051792 | E12: 436 | F12: 0.0963905 | G12: 8
A13: 1.340013 | B13: 12 | C13: 9.4220247 | D13: 0.1061343 | E13: 427 | F13: 0.0946004 | G13: 8
A14: 1.4451996 | B14: 13 | C14: 9.5671721 | D14: 0.1045241 | E14: 430 | F14: 0.0958086 | G14: 8
... A200: 22.863758 | B200: 199 | C200: 7.9598131 | D200: 0.12563109 | E200: 543 | F200: 0.118649 | G200: 9

Sheet grid_500cubes_cellSize_25
A1: time | B1: frame | C1: fps | D1: frameTime | E1: satTests | F1: satTime | G1: collisions | I1: label | J1: objects | K1: useGrid | L1: seed | M1: cellSize
A2: 0.70771849 | B2: 1 | C2: 0 | D2: 0 | E2: 3653 | F2: 0.6811472 | G2: 7 | I2: grid_500cubes_cellSize_25 | J2: 500 | K2: 1 | L2: 47 | M2: 25
A3: 1.4060422 | B3: 2 | C3: 1.3824996 | D3: 0.72332752 | E3: 3693 | F3: 0.6818006 | G3: 7
A4: 2.1001735 | B4: 3 | C4: 1.4440649 | D4: 0.69248968 | E4: 3709 | F4: 0.6839621 | G4: 7
A5: 2.8087697 | B5: 4 | C5: 1.4450001 | D5: 0.69204152 | E5: 3700 | F5: 0.6789113 | G5: 7
A6: 3.5304828 | B6: 5 | C6: 1.4107955 | D6: 0.70881999 | E6: 3685 | F6: 0.6911261 | G6: 8
A7: 4.2399163 | B7: 6 | C7: 1.3856906 | D7: 0.72166181 | E7: 3682 | F7: 0.6782086 | G7: 8
A8: 4.9461503 | B8: 7 | C8: 1.409418 | D8: 0.70951271 | E8: 3687 | F8: 0.6749975 | G8: 6
A9: 5.6564083 | B9: 8 | C9: 1.4139074 | D9: 0.70725989 | E9: 3702 | F9: 0.7006386 | G9: 6
A10: 6.3706102 | B10: 9 | C10: 1.4101919 | D10: 0.70912337 | E10: 3704 | F10: 0.6815251 | G10: 6
A11: 7.0825377 | B11: 10 | C11: 1.4000236 | D11: 0.71427369 | E11: 3735 | F11: 0.6841487 | G11: 6
A12: 7.7727766 | B12: 11 | C12: 1.4054209 | D12: 0.71153063 | E12: 3729 | F12: 0.680399 | G12: 6
A13: 8.4941702 | B13: 12 | C13: 1.4480366 | D13: 0.69059032 | E13: 3757 | F13: 0.6919958 | G13: 7
A14: 9.2186956 | B14: 13 | C14: 1.3861997 | D14: 0.7213968 | E14: 3753 | F14: 0.6947346 | G14: 7
... A200: 140.94936 | B200: 199 | C200: 1.3510636 | D200: 0.7401576 | E200: 3840 | F200: 0.7085775 | G200: 9

Sheet grid_500cubes_cellSize_50
A1: time | B1: frame | C1: fps | D1: frameTime | E1: satTests | F1: satTime | G1: collisions | I1: label | J1: objects | K1: useGrid | L1: seed | M1: cellSize
A2: 3.5212343 | B2: 1 | C2: 0 | D2: 0 | E2: 18884 | F2: 3.4925229 | G2: 8 | I2: grid_500cubes_cellSize_50 | J2: 500 | K2: 1 | L2: 47 | M2: 50
A3: 6.9743228 | B3: 2 | C3: 0.28179988 | D3: 3.5486176 | E3: 18751 | F3: 3.4364392 | G3: 8
A4: 10.471375 | B4: 3 | C4: 0.28991893 | D4: 3.4492402 | E4: 18751 | F4: 3.484878 | G4: 8
A5: 13.955753 | B5: 4 | C5: 0.28594235 | D5: 3.4972084 | E5: 18730 | F5: 3.4702839 | G5: 8
A6: 17.406408 | B6: 5 | C6: 0.2870231 | D6: 3.48404 | E6: 18756 | F6: 3.422722 | G6: 9
A7: 20.840286 | B7: 6 | C7: 0.28992072 | D7: 3.449219 | E7: 18740 | F7: 3.4025129 | G7: 9
A8: 24.284731 | B8: 7 | C8: 0.29108906 | D8: 3.4353747 | E8: 18756 | F8: 3.4134304 | G8: 8
A9: 27.705925 | B9: 8 | C9: 0.29033434 | D9: 3.4443049 | E9: 18668 | F9: 3.3942103 | G9: 8
A10: 31.140455 | B10: 9 | C10: 0.29229224 | D10: 3.4212337 | E10: 18668 | F10: 3.402536 | G10: 8
A11: 34.562687 | B11: 10 | C11: 0.29117459 | D11: 3.4343655 | E11: 18602 | F11: 3.3907581 | G11: 7
A12: 37.947838 | B12: 11 | C12: 0.29224148 | D12: 3.4218276 | E12: 18555 | F12: 3.3565087 | G12: 8
A13: 41.353596 | B13: 12 | C13: 0.29537076 | D13: 3.3855755 | E13: 18574 | F13: 3.3770718 | G13: 9
A14: 44.758919 | B14: 13 | C14: 0.29360777 | D14: 3.4059043 | E14: 18566 | F14: 3.3775391 | G14: 9
... A200: 646.35974 | B200: 199 | C200: 0.30767283 | D200: 3.2502058 | E200: 17840 | F200: 3.2217053 | G200: 9

Sheet grid_500tetra_cellSize_1
A1: time | B1: frame | C1: fps | D1: frameTime | E1: satTests | F1: satTime | G1: collisions | I1: label | J1: objects | K1: useGrid | L1: seed | M1: cellSize
A2: 0.0156956 | B2: 1 | C2: 0 | D2: 0 | E2: 0 | F2: 0 | G2: 0 | I2: grid_500tetra_cellSize_1 | J2: 500 | K2: 1 | L2: 47 | M2: 1
A3: 0.026468899 | B3: 2 | C3: 22.306242 | D3: 0.044830501 | E3: 0 | F3: 0 | G3: 0
A4: 0.033277702 | B4: 3 | C4: 142.43797 | D4: 0.0070206001 | E4: 0 | F4: 0 | G4: 0
A5: 0.050209101 | B5: 4 | C5: 60.926201 | D5: 0.016413299 | E5: 0 | F5: 0 | G5: 0
A6: 0.055947401 | B6: 5 | C6: 164.87502 | D6: 0.0060652001 | E6: 0 | F6: 0 | G6: 0
A7: 0.0620014 | B7: 6 | C7: 174.92915 | D7: 0.0057166 | E7: 0 | F7: 0 | G7: 0
A8: 0.067661099 | B8: 7 | C8: 164.24406 | D8: 0.0060884999 | E8: 0 | F8: 0 | G8: 0
A9: 0.073293902 | B9: 8 | C9: 176.01295 | D9: 0.0056814002 | E9: 0 | F9: 0 | G9: 0
A10: 0.078728698 | B10: 9 | C10: 180.25813 | D10: 0.0055475999 | E10: 0 | F10: 0 | G10: 0
A11: 0.0839158 | B11: 10 | C11: 188.57251 | D11: 0.0053030001 | E11: 0 | F11: 0 | G11: 0
A12: 0.089301698 | B12: 11 | C12: 193.03529 | D12: 0.0051803999 | E12: 0 | F12: 0 | G12: 0
A13: 0.094320796 | B13: 12 | C13: 186.31342 | D13: 0.0053673 | E13: 0 | F13: 0 | G13: 0
A14: 0.099536903 | B14: 13 | C14: 198.96538 | D14: 0.0050260001 | E14: 0 | F14: 0 | G14: 0
... A200: 1.1442829 | B200: 199 | C200: 159.19258 | D200: 0.0062817 | E200: 1 | F200: 6.94e-05 | G200: 0

Sheet grid_500tetra_cellSize_5
A1: time | B1: frame | C1: fps | D1: frameTime | E1: satTests | F1: satTime | G1: collisions | I1: label | J1: objects | K1: useGrid | L1: seed | M1: cellSize
A2: 0.0199228 | B2: 1 | C2: 0 | D2: 0 | E2: 119 | F2: 0.0040367 | G2: 4 | I2: grid_500tetra_cellSize_5 | J2: 500 | K2: 1 | L2: 47 | M2: 5
A3: 0.035850398 | B3: 2 | C3: 20.521492 | D3: 0.048729401 | E3: 113 | F3: 0.0041762 | G3: 4
A4: 0.0469178 | B4: 3 | C4: 90.201416 | D4: 0.0110863 | E4: 110 | F4: 0.0037742 | G4: 4
A5: 0.059978001 | B5: 4 | C5: 75.361359 | D5: 0.0132694 | E5: 111 | F5: 0.003749 | G5: 4
A6: 0.069844902 | B6: 5 | C6: 99.692947 | D6: 0.0100308 | E6: 119 | F6: 0.0040071 | G6: 4
A7: 0.079854697 | B7: 6 | C7: 100.27676 | D7: 0.0099724 | E7: 119 | F7: 0.0039859 | G7: 4
A8: 0.089750499 | B8: 7 | C8: 100.6654 | D8: 0.0099339001 | E8: 116 | F8: 0.0038062 | G8: 3
A9: 0.1004804 | B9: 8 | C9: 98.290726 | D9: 0.0101739 | E9: 112 | F9: 0.0035549 | G9: 2
A10: 0.1094408 | B10: 9 | C10: 96.634224 | D10: 0.0103483 | E10: 109 | F10: 0.0034468 | G10: 2
A11: 0.1185388 | B11: 10 | C11: 112.11768 | D11: 0.0089191999 | E11: 118 | F11: 0.0036988 | G11: 2
A12: 0.1276494 | B12: 11 | C12: 110.58033 | D12: 0.0090431999 | E12: 120 | F12: 0.0037772 | G12: 2
A13: 0.13667201 | B13: 12 | C13: 109.64551 | D13: 0.0091203004 | E13: 115 | F13: 0.0036404 | G13: 2
A14: 0.14599989 | B14: 13 | C14: 111.2867 | D14: 0.0089857997 | E14: 117 | F14: 0.0040571 | G14: 2
... A200: 1.8002563 | B200: 199 | C200: 114.16046 | D200: 0.0087596001 | E200: 116 | F200: 0.0035907 | G200: 2

Sheet grid_500tetra_cellSize_10
A1: time | B1: frame | C1: fps | D1: frameTime | E1: satTests | F1: satTime | G1: collisions | I1: label | J1: objects | K1: useGrid | L1: seed | M1: cellSize
A2: 0.0305859 | B2: 1 | C2: 0 | D2: 0 | E2: 501 | F2: 0.0141982 | G2: 4 | I2: grid_500tetra_cellSize_10 | J2: 500 | K2: 1 | L2: 47 | M2: 10
A3: 0.057936698 | B3: 2 | C3: 18.066814 | D3: 0.055350099 | E3: 502 | F3: 0.016255 | G3: 4
A4: 0.079322599 | B4: 3 | C4: 41.345894 | D4: 0.0241862 | E4: 494 | F4: 0.0140243 | G4: 4
A5: 0.099549599 | B5: 4 | C5: 49.054718 | D5: 0.020385399 | E5: 484 | F5: 0.0138804 | G5: 4
A6: 0.1197263 | B6: 5 | C6: 50.013756 | D6: 0.019994499 | E6: 489 | F6: 0.0138996 | G6: 4
A7: 0.14034989 | B7: 6 | C7: 49.311123 | D7: 0.0202794 | E7: 490 | F7: 0.0138338 | G7: 4
A8: 0.1606897 | B8: 7 | C8: 48.736984 | D8: 0.020518299 | E8: 498 | F8: 0.0139591 | G8: 3
A9: 0.18255 | B9: 8 | C9: 45.293957 | D9: 0.022078 | E9: 496 | F9: 0.0138041 | G9: 2
A10: 0.20250779 | B10: 9 | C10: 49.168316 | D10: 0.020338301 | E10: 498 | F10: 0.0136682 | G10: 2
A11: 0.2218899 | B11: 10 | C11: 51.480583 | D11: 0.0194248 | E11: 505 | F11: 0.0139405 | G11: 2
A12: 0.24181201 | B12: 11 | C12: 51.281261 | D12: 0.0195003 | E12: 506 | F12: 0.014015 | G12: 2
A13: 0.26186141 | B13: 12 | C13: 50.234344 | D13: 0.0199067 | E13: 504 | F13: 0.0138115 | G13: 2
A14: 0.28288591 | B14: 13 | C14: 50.12355 | D14: 0.019950701 | E14: 496 | F14: 0.014989 | G14: 2
... A200: 3.8170323 | B200: 199 | C200: 52.140362 | D200: 0.019179 | E200: 516 | F200: 0.01405 | G200: 2

Sheet grid_500tetra_cellSize_25
A1: time | B1: frame | C1: fps | D1: frameTime | E1: satTests | F1: satTime | G1: collisions | I1: label | J1: objects | K1: useGrid | L1: seed | M1: cellSize
A2: 0.1124087 | B2: 1 | C2: 0 | D2: 0 | E2: 3667 | F2: 0.0963497 | G2: 4 | I2: grid_500tetra_cellSize_25 | J2: 500 | K2: 1 | L2: 47 | M2: 25
A3: 0.2247047 | B3: 2 | C3: 7.8232574 | D3: 0.12782399 | E3: 3699 | F3: 0.0980599 | G3: 4
A4: 0.32958129 | B4: 3 | C4: 9.4031277 | D4: 0.1063476 | E4: 3660 | F4: 0.096828 | G4: 4
A5: 0.45631409 | B5: 4 | C5: 9.6814051 | D5: 0.1032908 | E5: 3653 | F5: 0.0955693 | G5: 4
A6: 0.56063282 | B6: 5 | C6: 7.917243 | D6: 0.12630659 | E6: 3650 | F6: 0.0965063 | G6: 4
A7: 0.66435778 | B7: 6 | C7: 9.5707521 | D7: 0.104485 | E7: 3644 | F7: 0.0958604 | G7: 4
A8: 0.76963079 | B8: 7 | C8: 9.6501245 | D8: 0.1036256 | E8: 3661 | F8: 0.0969484 | G8: 3
A9: 0.87343693 | B9: 8 | C9: 9.3874149 | D9: 0.1065256 | E9: 3684 | F9: 0.0966619 | G9: 2
A10: 0.97946489 | B10: 9 | C10: 9.7627268 | D10: 0.1024304 | E10: 3698 | F10: 0.0979872 | G10: 2
A11: 1.08472 | B11: 10 | C11: 9.4284649 | D11: 0.1060618 | E11: 3715 | F11: 0.0973581 | G11: 1
A12: 1.1896137 | B12: 11 | C12: 9.507782 | D12: 0.105177 | E12: 3700 | F12: 0.0972065 | G12: 1
A13: 1.3128601 | B13: 12 | C13: 9.4887466 | D13: 0.105388 | E13: 3718 | F13: 0.097433 | G13: 2
A14: 1.418927 | B14: 13 | C14: 8.1432362 | D14: 0.1228013 | E14: 3742 | F14: 0.0981479 | G14: 2
... A200: 21.648169 | B200: 199 | C200: 9.2760763 | D200: 0.1078042 | E200: 3826 | F200: 0.1006333 | G200: 2

Sheet grid_500tetra_cellSize_100
A1: time | B1: frame | C1: fps | D1: frameTime | E1: satTests | F1: satTime | G1: collisions | I1: label | J1: objects | K1: useGrid | L1: seed | M1: cellSize
A2: 1.8442097 | B2: 1 | C2: 0 | D2: 0 | E2: 71931 | F2: 1.8204258 | G2: 4 | I2: grid_500tetra_cellSize_100 | J2: 500 | K2: 1 | L2: 47 | M2: 100
A3: 3.6755517 | B3: 2 | C3: 0.53804004 | D3: 1.8585976 | E3: 71930 | F3: 1.8100314 | G3: 4
A4: 5.490346 | B4: 3 | C4: 0.54757041 | D4: 1.8262491 | E4: 71930 | F4: 1.7989009 | G4: 4
A5: 7.3402433 | B5: 4 | C5: 0.55104297 | D5: 1.8147405 | E5: 71812 | F5: 1.8121029 | G5: 4
A6: 9.1866503 | B6: 5 | C6: 0.54085392 | D6: 1.8489281 | E6: 71881 | F6: 1.8099651 | G6: 4
A7: 11.03176 | B7: 6 | C7: 0.54178566 | D7: 1.8457483 | E7: 71881 | F7: 1.8128337 | G7: 4
A8: 12.878928 | B8: 7 | C8: 0.5419367 | D8: 1.845234 | E8: 71881 | F8: 1.811555 | G8: 3
A9: 14.710727 | B9: 8 | C9: 0.541004 | D9: 1.8484153 | E9: 71875 | F9: 1.7948986 | G9: 2
A10: 16.543764 | B10: 9 | C10: 0.54627132 | D10: 1.8305922 | E10: 71755 | F10: 1.7994177 | G10: 2
A11: 18.383017 | B11: 10 | C11: 0.54534549 | D11: 1.8337001 | E11: 71664 | F11: 1.8037594 | G11: 1
A12: 20.218283 | B12: 11 | C12: 0.5439288 | D12: 1.8384759 | E12: 71664 | F12: 1.7975654 | G12: 1
A13: 22.058178 | B13: 12 | C13: 0.54498011 | D13: 1.8349293 | E13: 71671 | F13: 1.8035008 | G13: 2
A14: 23.886887 | B14: 13 | C14: 0.54300773 | D14: 1.8415945 | E14: 71671 | F14: 1.7971157 | G14: 2
... A200: 359.05112 | B200: 199 | C200: 0.56158692 | D200: 1.7806683 | E200: 69851 | F200: 1.7582197 | G200: 2

Sheet grid_500tetra_cellSize_200
A1: time | B1: frame | C1: fps | D1: frameTime | E1: satTests | F1: satTime | G1: collisions | I1: label | J1: objects | K1: useGrid | L1: seed | M1: cellSize
A2: 1.8463514 | B2: 1 | C2: 0 | D2: 0 | E2: 71889 | F2: 1.8227115 | G2: 4 | I2: grid_500tetra_cellSize_200 | J2: 500 | K2: 1 | L2: 47 | M2: 200
A3: 3.6709979 | B3: 2 | C3: 0.53359687 | D3: 1.874074 | E3: 72067 | F3: 1.8036173 | G3: 4
A4: 5.4863095 | B4: 3 | C4: 0.54941779 | D4: 1.8201085 | E4: 72067 | F4: 1.7996492 | G4: 4
A5: 7.3305273 | B5: 4 | C5: 0.5510335 | D5: 1.8147717 | E5: 71877 | F5: 1.8085698 | G5: 4
A6: 9.1674643 | B6: 5 | C6: 0.54263622 | D6: 1.8428552 | E6: 72001 | F6: 1.8032605 | G6: 4
A7: 11.001814 | B7: 6 | C7: 0.54430234 | D7: 1.8372141 | E7: 72001 | F7: 1.8031844 | G7: 4
A8: 12.84858 | B8: 7 | C8: 0.54500705 | D8: 1.8348387 | E8: 72001 | F8: 1.8147162 | G8: 3
A9: 14.685442 | B9: 8 | C9: 0.54126316 | D9: 1.8475301 | E9: 71967 | F9: 1.8025642 | G9: 2
A10: 16.519524 | B10: 9 | C10: 0.54482359 | D10: 1.8354565 | E10: 71845 | F10: 1.8016209 | G10: 2
A11: 18.352571 | B11: 10 | C11: 0.54529339 | D11: 1.8338752 | E11: 71870 | F11: 1.8000203 | G11: 1
A12: 20.188978 | B12: 11 | C12: 0.54553717 | D12: 1.8330556 | E12: 71870 | F12: 1.8016169 | G12: 1
A13: 22.027632 | B13: 12 | C13: 0.54434222 | D13: 1.8370796 | E13: 71923 | F13: 1.8054699 | G13: 2
A14: 23.865421 | B14: 13 | C14: 0.54369295 | D14: 1.8392735 | E14: 71923 | F14: 1.8011666 | G14: 2
... A200: 365.21426 | B200: 199 | C200: 0.55123407 | D200: 1.8141114 | E200: 71321 | F200: 1.7821593 | G200: 2

Sheet grid_500tetra_cellSize_50
A1: time | B1: frame | C1: fps | D1: frameTime | E1: satTests | F1: satTime | G1: collisions | I1: label | J1: objects | K1: useGrid | L1: seed | M1: cellSize
A2: 0.50221092 | B2: 1 | C2: 0 | D2: 0 | E2: 18278 | F2: 0.4844235 | G2: 4 | I2: grid_500tetra_cellSize_50 | J2: 500 | K2: 1 | L2: 47 | M2: 50
A3: 0.98714429 | B3: 2 | C3: 1.8962764 | D3: 0.52734929 | E3: 18069 | F3: 0.4705003 | G3: 4
A4: 1.4620097 | B4: 3 | C4: 2.0818214 | D4: 0.48034859 | E4: 18069 | F4: 0.4651633 | G4: 4
A5: 1.954661 | B5: 4 | C5: 2.1074948 | D5: 0.47449699 | E5: 18139 | F5: 0.462237 | G5: 4
A6: 2.4271173 | B6: 5 | C6: 2.0368576 | D6: 0.49095231 | E6: 18145 | F6: 0.4629749 | G6: 4
A7: 2.9211566 | B7: 6 | C7: 2.1155469 | D7: 0.472691 | E7: 18132 | F7: 0.4621307 | G7: 4
A8: 3.3967664 | B8: 7 | C8: 2.0258083 | D8: 0.49363011 | E8: 18171 | F8: 0.4662007 | G8: 3
A9: 3.8858073 | B9: 8 | C9: 2.0945747 | D9: 0.47742391 | E9: 18088 | F9: 0.4613135 | G9: 2
A10: 4.3580842 | B10: 9 | C10: 2.0523262 | D10: 0.487252 | E10: 18069 | F10: 0.4626543 | G10: 2
A11: 4.8441157 | B11: 10 | C11: 2.1157331 | D11: 0.4726494 | E11: 18069 | F11: 0.4602821 | G11: 1
A12: 5.3122263 | B12: 11 | C12: 2.059283 | D12: 0.4856059 | E12: 18013 | F12: 0.4590079 | G12: 1
A13: 5.789813 | B13: 12 | C13: 2.1361027 | D13: 0.4681423 | E13: 17992 | F13: 0.4684667 | G13: 2
A14: 6.2743349 | B14: 13 | C14: 2.092185 | D14: 0.4779692 | E14: 18011 | F14: 0.4588549 | G14: 2
... A200: 92.010765 | B200: 199 | C200: 2.2372031 | D200: 0.44698671 | E200: 17164 | F200: 0.4391482 | G200: 2

Sheet grid_cellSize10_500_tetra
A1: time | B1: frame | C1: fps | D1: frameTime | E1: satTests | F1: satTime | G1: collisions | H1: Column8 | I1: label | J1: objects | K1: useGrid | L1: seed | M1: cellSize
A2: 0.030235801 | B2: 1 | C2: 0 | D2: 0 | E2: 492 | F2: 0.0140675 | G2: 4 | I2: grid_cellSize10_500_tetra | J2: 500 | K2: 1 | L2: 47 | M2: 10
A3: 0.055541299 | B3: 2 | C3: 23.170193 | D3: 0.0431589 | E3: 491 | F3: 0.0149473 | G3: 4
A4: 0.076185197 | B4: 3 | C4: 46.651585 | D4: 0.021435499 | E4: 487 | F4: 0.01393 | G4: 4
A5: 0.096204102 | B5: 4 | C5: 49.144157 | D5: 0.020348299 | E5: 486 | F5: 0.0138016 | G5: 4
A6: 0.1153949 | B6: 5 | C6: 51.190174 | D6: 0.019535 | E6: 488 | F6: 0.0138399 | G6: 4
A7: 0.1348052 | B7: 6 | C7: 52.021832 | D7: 0.019222699 | E7: 503 | F7: 0.0141422 | G7: 4
A8: 0.1537893 | B8: 7 | C8: 51.740818 | D8: 0.0193271 | E8: 497 | F8: 0.0138724 | G8: 3
A9: 0.17279591 | B9: 8 | C9: 52.424366 | D9: 0.019075099 | E9: 495 | F9: 0.0137748 | G9: 2
A10: 0.1930982 | B10: 9 | C10: 52.609428 | D10: 0.019007999 | E10: 494 | F10: 0.014819 | G10: 2
A11: 0.21221089 | B11: 10 | C11: 49.104099 | D11: 0.020364899 | E11: 490 | F11: 0.0137258 | G11: 2
A12: 0.231519 | B12: 11 | C12: 51.827705 | D12: 0.0192947 | E12: 490 | F12: 0.013627 | G12: 2
A13: 0.25042161 | B13: 12 | C13: 52.849094 | D13: 0.0189218 | E13: 494 | F13: 0.0137982 | G13: 2
A14: 0.26948199 | B14: 13 | C14: 52.498123 | D14: 0.0190483 | E14: 488 | F14: 0.013696 | G14: 2
... A200: 3.7549541 | B200: 199 | C200: 51.413616 | D200: 0.0194501 | E200: 517 | F200: 0.0143415 | G200: 2

Sheet grid_cellSize10_50_tetra
A1: time | B1: frame | C1: fps | D1: frameTime | E1: satTests | F1: satTime | G1: collisions | H1: Column8 | I1: label | J1: objects | K1: useGrid | L1: seed | M1: cellSize
A2: 0.0018324 | B2: 1 | C2: 0 | D2: 0 | E2: 4 | F2: 0.0001153 | G2: 0 | I2: grid_cellSize10_50_tetra | J2: 50 | K2: 1 | L2: 47 | M2: 10
A3: 0.0078359004 | B3: 2 | C3: 89.85775 | D3: 0.0111287 | E3: 4 | F3: 0.0001208 | G3: 0
A4: 0.0088149002 | B4: 3 | C4: 861.62329 | D4: 0.0011606 | E4: 3 | F4: 9.32e-05 | G4: 0
A5: 0.0326037 | B5: 4 | C5: 42.903725 | D5: 0.023308 | E5: 3 | F5: 0.0001248 | G5: 0
A6: 0.033841498 | B6: 5 | C6: 665.646 | D6: 0.0015023 | E6: 3 | F6: 9.43e-05 | G6: 0
A7: 0.034687299 | B7: 6 | C7: 926.09747 | D7: 0.0010798 | E7: 3 | F7: 8.86e-05 | G7: 0
A8: 0.035675101 | B8: 7 | C8: 1144.1648 | D8: 0.00087400002 | E8: 4 | F8: 0.0001625 | G8: 0
A9: 0.036497999 | B9: 8 | C9: 1115.449 | D9: 0.00089650002 | E9: 4 | F9: 0.0001181 | G9: 0
A10: 0.037330002 | B10: 9 | C10: 1149.1611 | D10: 0.00087019999 | E10: 4 | F10: 0.000116 | G10: 0
A11: 0.038097098 | B11: 10 | C11: 1293.8284 | D11: 0.00077290001 | E11: 4 | F11: 0.0001142 | G11: 0
A12: 0.0388638 | B12: 11 | C12: 1300.3901 | D12: 0.00076899998 | E12: 4 | F12: 0.0001138 | G12: 0
A13: 0.039652199 | B13: 12 | C13: 1301.9138 | D13: 0.00076810003 | E13: 4 | F13: 0.0001173 | G13: 0
A14: 0.040406499 | B14: 13 | C14: 1250.3126 | D14: 0.00079979998 | E14: 3 | F14: 8.64e-05 | G14: 0
... A200: 0.17929509 | B200: 199 | C200: 1385.6172 | D200: 0.00072170002 | E200: 3 | F200: 8.58e-05 | G200: 0

Sheet grid_cellSize10_50_cubes
A1: time | B1: frame | C1: fps | D1: frameTime | E1: satTests | F1: satTime | G1: collisions | H1: Column8 | I1: label | J1: objects | K1: useGrid | L1: seed | M1: cellSize
A2: 0.0042238999 | B2: 1 | C2: 0 | D2: 0 | E2: 7 | F2: 0.0013751 | G2: 0 | I2: grid_cellSize10_50_cubes | J2: 50 | K2: 1 | L2: 47 | M2: 10
A3: 0.0173447 | B3: 2 | C3: 50.237118 | D3: 0.019905601 | E3: 7 | F3: 0.0018205 | G3: 0
A4: 0.021771301 | B4: 3 | C4: 175.81491 | D4: 0.0056877998 | E4: 6 | F4: 0.001215 | G4: 0
A5: 0.039920099 | B5: 4 | C5: 56.884441 | D5: 0.0175795 | E5: 6 | F5: 0.0012943 | G5: 0
A6: 0.042766601 | B6: 5 | C6: 302.88345 | D6: 0.0033016 | E6: 6 | F6: 0.0011677 | G6: 0
A7: 0.045505598 | B7: 6 | C7: 370.4527 | D7: 0.0026994001 | E7: 6 | F7: 0.0011883 | G7: 0
A8: 0.048394199 | B8: 7 | C8: 363.24011 | D8: 0.002753 | E8: 7 | F8: 0.0013487 | G8: 0
A9: 0.051380299 | B9: 8 | C9: 308.42303 | D9: 0.0032422999 | E9: 7 | F9: 0.0013526 | G9: 0
A10: 0.0553548 | B10: 9 | C10: 289.35184 | D10: 0.003456 | E10: 7 | F10: 0.0017982 | G10: 0
A11: 0.058536701 | B11: 10 | C11: 306.69202 | D11: 0.0032605999 | E11: 7 | F11: 0.0013852 | G11: 0
A12: 0.0616736 | B12: 11 | C12: 312.31454 | D12: 0.0032019001 | E12: 7 | F12: 0.0013572 | G12: 0
A13: 0.064620003 | B13: 12 | C13: 321.81247 | D13: 0.0031073999 | E13: 7 | F13: 0.0013489 | G13: 0
A14: 0.067229398 | B14: 13 | C14: 356.70972 | D14: 0.0028033999 | E14: 5 | F14: 0.0009752 | G14: 0
... A200: 0.4183498 | B200: 199 | C200: 627.27386 | D200: 0.0015942 | E200: 4 | F200: 0.0007752 | G200: 0

Sheet grid_cellSize10_200_tetra
A1: time | B1: frame | C1: fps | D1: frameTime | E1: satTests | F1: satTime | G1: collisions | H1: Column8 | I1: label | J1: objects | K1: useGrid | L1: seed | M1: cellSize
A2: 0.0085359002 | B2: 1 | C2: 0 | D2: 0 | E2: 70 | F2: 0.0020321 | G2: 1 | I2: grid_cellSize10_200_tetra | J2: 200 | K2: 1 | L2: 47 | M2: 10
A3: 0.018071599 | B3: 2 | C3: 51.709518 | D3: 0.0193388 | E3: 72 | F3: 0.0022374 | G3: 1
A4: 0.0252847 | B4: 3 | C4: 129.94101 | D4: 0.0076958002 | E4: 72 | F4: 0.0021089 | G4: 1
A5: 0.040143199 | B5: 4 | C5: 68.309746 | D5: 0.0146392 | E5: 73 | F5: 0.00209 | G5: 1
A6: 0.044464901 | B6: 5 | C6: 212.16109 | D6: 0.0047133998 | E6: 73 | F6: 0.0021003 | G6: 1
A7: 0.048664499 | B7: 6 | C7: 233.80873 | D7: 0.0042770002 | E7: 71 | F7: 0.0020598 | G7: 1
A8: 0.052923601 | B8: 7 | C8: 239.09146 | D8: 0.0041824998 | E8: 72 | F8: 0.0020985 | G8: 1
A9: 0.057600498 | B9: 8 | C9: 219.50523 | D9: 0.0045556999 | E9: 73 | F9: 0.0020508 | G9: 0
A10: 0.0621369 | B10: 9 | C10: 222.71713 | D10: 0.0044900002 | E10: 73 | F10: 0.0020684 | G10: 0
A11: 0.066444598 | B11: 10 | C11: 223.43373 | D11: 0.0044756001 | E11: 71 | F11: 0.0020079 | G11: 0
A12: 0.071201801 | B12: 11 | C12: 225.43848 | D12: 0.0044358 | E12: 73 | F12: 0.0020416 | G12: 0
A13: 0.075384997 | B13: 12 | C13: 218.28819 | D13: 0.0045810998 | E13: 69 | F13: 0.0019359 | G13: 0
A14: 0.0795132 | B14: 13 | C14: 239.65874 | D14: 0.0041725999 | E14: 71 | F14: 0.0019663 | G14: 0
... A200: 0.83648437 | B200: 199 | C200: 231.35297 | D200: 0.0043223999 | E200: 86 | F200: 0.0023131 | G200: 0

Sheet grid_cellSize10_200_cubes
A1: time | B1: frame | C1: fps | D1: frameTime | E1: satTests | F1: satTime | G1: collisions | H1: Column8 | I1: label | J1: objects | K1: useGrid | L1: seed | M1: cellSize
A2: 0.0310192 | B2: 1 | C2: 0 | D2: 0 | E2: 86 | F2: 0.0204583 | G2: 2 | I2: grid_cellSize10_200_cubes | J2: 200 | K2: 1 | L2: 47 | M2: 10
A3: 0.060343701 | B3: 2 | C3: 23.936731 | D3: 0.041776799 | E3: 86 | F3: 0.0212694 | G3: 2
A4: 0.085528702 | B4: 3 | C4: 38.340618 | D4: 0.026082 | E4: 85 | F4: 0.0202648 | G4: 2
A5: 0.1090667 | B5: 4 | C5: 41.263149 | D5: 0.024234699 | E5: 84 | F5: 0.0199836 | G5: 2
A6: 0.13253421 | B6: 5 | C6: 42.658295 | D6: 0.023442101 | E6: 84 | F6: 0.0200249 | G6: 2
A7: 0.15631241 | B7: 6 | C7: 42.239182 | D7: 0.0236747 | E7: 84 | F7: 0.0202078 | G7: 2
A8: 0.1802288 | B8: 7 | C8: 42.670124 | D8: 0.0234356 | E8: 86 | F8: 0.0204617 | G8: 2
A9: 0.20310619 | B9: 8 | C9: 42.04525 | D9: 0.0237839 | E9: 83 | F9: 0.019833 | G9: 2
A10: 0.2255863 | B10: 9 | C10: 43.913578 | D10: 0.022771999 | E10: 82 | F10: 0.0196054 | G10: 2
A11: 0.24784561 | B11: 10 | C11: 44.499031 | D11: 0.0224724 | E11: 81 | F11: 0.0194174 | G11: 2
A12: 0.27068651 | B12: 11 | C12: 44.907894 | D12: 0.0222678 | E12: 84 | F12: 0.0199915 | G12: 2
A13: 0.2930856 | B13: 12 | C13: 43.817368 | D13: 0.022822 | E13: 82 | F13: 0.0195692 | G13: 2
A14: 0.31561679 | B14: 13 | C14: 44.656612 | D14: 0.0223931 | E14: 83 | F14: 0.0197532 | G14: 2
... A200: 3.9473658 | B200: 199 | C200: 53.769222 | D200: 0.018598 | E200: 82 | F200: 0.0158247 | G200: 0

Sheet grid_cellSize10_100_tetra
A1: time | B1: frame | C1: fps | D1: frameTime | E1: satTests | F1: satTime | G1: collisions | H1: Column8 | I1: label | J1: objects | K1: useGrid | L1: seed | M1: cellSize
A2: 0.0039944001 | B2: 1 | C2: 0 | D2: 0 | E2: 24 | F2: 0.0006626 | G2: 0 | I2: grid_cellSize10_100_tetra | J2: 100 | K2: 1 | L2: 47 | M2: 10
A3: 0.0106585 | B3: 2 | C3: 79.526657 | D3: 0.0125744 | E3: 24 | F3: 0.0006807 | G3: 0
A4: 0.0134547 | B4: 3 | C4: 338.61575 | D4: 0.0029531999 | E4: 23 | F4: 0.0007168 | G4: 0
A5: 0.033278599 | B5: 4 | C5: 51.921619 | D5: 0.019259799 | E5: 23 | F5: 0.0006493 | G5: 0
A6: 0.035266299 | B6: 5 | C6: 375.06564 | D6: 0.0026662 | E6: 23 | F6: 0.00064 | G6: 0
A7: 0.037311099 | B7: 6 | C7: 520.58929 | D7: 0.0019209 | E7: 26 | F7: 0.0007448 | G7: 0
A8: 0.039567601 | B8: 7 | C8: 481.44046 | D8: 0.0020771001 | E8: 27 | F8: 0.0007641 | G8: 0
A9: 0.0415437 | B9: 8 | C9: 457.45651 | D9: 0.0021860001 | E9: 27 | F9: 0.0007601 | G9: 0
A10: 0.043501701 | B10: 9 | C10: 508.54352 | D10: 0.0019664001 | E10: 27 | F10: 0.0007652 | G10: 0
A11: 0.0457481 | B11: 10 | C11: 448.06882 | D11: 0.0022318 | E11: 25 | F11: 0.000707 | G11: 0
A12: 0.047667298 | B12: 11 | C12: 504.84653 | D12: 0.0019807999 | E12: 25 | F12: 0.0007001 | G12: 0
A13: 0.049479399 | B13: 12 | C13: 528.45746 | D13: 0.0018923 | E13: 24 | F13: 0.0006673 | G13: 0
A14: 0.0513377 | B14: 13 | C14: 546.41821 | D14: 0.0018301 | E14: 23 | F14: 0.0006389 | G14: 0
... A200: 0.3520014 | B200: 199 | C200: 655.35095 | D200: 0.0015259 | E200: 15 | F200: 0.0004098 | G200: 0

Sheet grid_cellSize10_100_cubes
A1: time | B1: frame | C1: fps | D1: frameTime | E1: satTests | F1: satTime | G1: collisions | H1: Column8 | I1: label | J1: objects | K1: useGrid | L1: seed | M1: cellSize
A2: 0.0116358 | B2: 1 | C2: 0 | D2: 0 | E2: 22 | F2: 0.0061754 | G2: 1 | I2: grid_cellSize10_100_cubes | J2: 100 | K2: 1 | L2: 47 | M2: 10
A3: 0.0252604 | B3: 2 | C3: 42.917168 | D3: 0.0233007 | E3: 22 | F3: 0.006968 | G3: 1
A4: 0.0339766 | B4: 3 | C4: 99.990997 | D4: 0.0100009 | E4: 21 | F4: 0.0060622 | G4: 1
A5: 0.053166602 | B5: 4 | C5: 52.866421 | D5: 0.018915599 | E5: 21 | F5: 0.0059411 | G5: 1
A6: 0.060802601 | B6: 5 | C6: 123.55441 | D6: 0.0080936002 | E6: 21 | F6: 0.0059634 | G6: 1
A7: 0.068949498 | B7: 6 | C7: 131.81308 | D7: 0.0075865001 | E7: 24 | F7: 0.0065432 | G7: 1
A8: 0.077273197 | B8: 7 | C8: 122.91354 | D8: 0.0081358002 | E8: 25 | F8: 0.0067384 | G8: 1
A9: 0.085596196 | B9: 8 | C9: 120.03072 | D9: 0.0083312001 | E9: 25 | F9: 0.0067452 | G9: 1
A10: 0.0939302 | B10: 9 | C10: 120.22988 | D10: 0.0083173998 | E10: 25 | F10: 0.0067644 | G10: 1
A11: 0.1028401 | B11: 10 | C11: 115.93128 | D11: 0.0086257998 | E11: 25 | F11: 0.0068105 | G11: 1
A12: 0.1113871 | B12: 11 | C12: 114.18654 | D12: 0.0087575996 | E12: 24 | F12: 0.0066421 | G12: 1
A13: 0.1194956 | B13: 12 | C13: 116.75969 | D13: 0.0085645998 | E13: 22 | F13: 0.006191 | G13: 1
A14: 0.12698971 | B14: 13 | C14: 125.33527 | D14: 0.0079786004 | E14: 20 | F14: 0.0058057 | G14: 1
... A200: 1.2652848 | B200: 199 | C200: 201.71458 | D200: 0.0049574999 | E200: 18 | F200: 0.0034888 | G200: 0

Sheet grid_cellSize10_10_tetra
A1: time | B1: frame | C1: fps | D1: frameTime | E1: satTests | F1: satTime | G1: collisions | H1: Column8 | I1: label | J1: objects | K1: useGrid | L1: seed | M1: cellSize
A2: 0.0004362 | B2: 1 | C2: 0 | D2: 0 | E2: 0 | F2: 0 | G2: 0 | I2: grid_cellSize10_10_tetra | J2: 10 | K2: 1 | L2: 47 | M2: 10
A3: 0.0044920002 | B3: 2 | C3: 126.30408 | D3: 0.0079174004 | E3: 0 | F3: 0 | G3: 0
A4: 0.0055613001 | B4: 3 | C4: 914.99677 | D4: 0.0010929001 | E4: 0 | F4: 0 | G4: 0
A5: 0.030861801 | B5: 4 | C5: 40.086105 | D5: 0.0249463 | E5: 0 | F5: 0 | G5: 0
A6: 0.031881899 | B6: 5 | C6: 766.87115 | D6: 0.001304 | E6: 0 | F6: 0 | G6: 0
A7: 0.032296199 | B7: 6 | C7: 1698.9467 | D7: 0.0005886 | E7: 0 | F7: 0 | G7: 0
A8: 0.032840502 | B8: 7 | C8: 2491.9014 | D8: 0.0004013 | E8: 0 | F8: 0 | G8: 0
A9: 0.033319499 | B9: 8 | C9: 1699.813 | D9: 0.0005883 | E9: 0 | F9: 0 | G9: 0
A10: 0.0337415 | B10: 9 | C10: 2502.5027 | D10: 0.00039959999 | E10: 0 | F10: 0 | G10: 0
A11: 0.034302201 | B11: 10 | C11: 2050.0205 | D11: 0.00048779999 | E11: 0 | F11: 0 | G11: 0
A12: 0.034769598 | B12: 11 | C12: 1824.1519 | D12: 0.00054819998 | E12: 0 | F12: 0 | G12: 0
A13: 0.0351234 | B13: 12 | C13: 2475.2476 | D13: 0.00040399999 | E13: 0 | F13: 0 | G13: 0
A14: 0.035559501 | B14: 13 | C14: 2395.2095 | D14: 0.00041750001 | E14: 0 | F14: 0 | G14: 0
... A200: 0.1149105 | B200: 199 | C200: 2598.0774 | D200: 0.00038489999 | E200: 0 | F200: 0 | G200: 0

Sheet grid_cellSize10_10_cubes
A1: time | B1: frame | C1: fps | D1: frameTime | E1: satTests | F1: satTime | G1: collisions | H1: Column8 | I1: label | J1: objects | K1: useGrid | L1: seed | M1: cellSize
A2: 0.00077859999 | B2: 1 | C2: 0 | D2: 0 | E2: 0 | F2: 0 | G2: 0 | I2: grid_cellSize10_10_cubes | J2: 10 | K2: 1 | L2: 47 | M2: 10
A3: 0.0064750998 | B3: 2 | C3: 68.941742 | D3: 0.014505 | E3: 0 | F3: 0 | G3: 0
A4: 0.0073958002 | B4: 3 | C4: 878.5802 | D4: 0.0011382001 | E4: 0 | F4: 0 | G4: 0
A5: 0.0371911 | B5: 4 | C5: 33.916931 | D5: 0.029483801 | E5: 0 | F5: 0 | G5: 0
A6: 0.0381274 | B6: 5 | C6: 757.69055 | D6: 0.0013198 | E6: 0 | F6: 0 | G6: 0
A7: 0.038559299 | B7: 6 | C7: 2194.426 | D7: 0.00045570001 | E7: 0 | F7: 0 | G7: 0
A8: 0.0389641 | B8: 7 | C8: 2405.5811 | D8: 0.00041569999 | E8: 0 | F8: 0 | G8: 0
A9: 0.0394581 | B9: 8 | C9: 2265.5188 | D9: 0.00044140001 | E9: 0 | F9: 0 | G9: 0
A10: 0.039974801 | B10: 9 | C10: 2079.0022 | D10: 0.000481 | E10: 0 | F10: 0 | G10: 0
A11: 0.040417701 | B11: 10 | C11: 1898.614 | D11: 0.00052669999 | E11: 0 | F11: 0 | G11: 0
A12: 0.0408815 | B12: 11 | C12: 2504.3826 | D12: 0.00039930001 | E12: 0 | F12: 0 | G12: 0
A13: 0.041230001 | B13: 12 | C13: 2367.9849 | D13: 0.00042230001 | E13: 0 | F13: 0 | G13: 0
A14: 0.041582 | B14: 13 | C14: 2927.4004 | D14: 0.00034160001 | E14: 0 | F14: 0 | G14: 0
... A200: 0.1252825 | B200: 199 | C200: 3227.8889 | D200: 0.0003098 | E200: 0 | F200: 0 | G200: 0

Sheet nogrid_cubes_10
A1: time | B1: frame | C1: fps | D1: frameTime | E1: satTests | F1: satTime | G1: collisions | I1: label | J1: objects | K1: useGrid | L1: seed | M1: cellSize
A2: 0.0093486002 | B2: 1 | C2: 0 | D2: 0 | E2: 45 | F2: 0.0085751 | G2: 0 | I2: nogrid_cubes_10 | J2: 10 | K2: 0 | L2: 47 | M2: 5
A3: 0.025330599 | B3: 2 | C3: 30.45141 | D3: 0.032839201 | E3: 45 | F3: 0.0100086 | G3: 0
A4: 0.035996601 | B4: 3 | C4: 80.658173 | D4: 0.012398 | E4: 45 | F4: 0.009027 | G4: 0
A5: 0.053961299 | B5: 4 | C5: 57.249176 | D5: 0.017467501 | E5: 45 | F5: 0.0090326 | G5: 0
A6: 0.063796997 | B6: 5 | C6: 96.665054 | D6: 0.010345 | E6: 45 | F6: 0.0086345 | G6: 0
A7: 0.074124999 | B7: 6 | C7: 101.99398 | D7: 0.0098045003 | E7: 45 | F7: 0.0086214 | G7: 0
A8: 0.083907001 | B8: 7 | C8: 97.080788 | D8: 0.0103007 | E8: 45 | F8: 0.0086823 | G8: 0
A9: 0.0938062 | B9: 8 | C9: 98.941322 | D9: 0.010107 | E9: 45 | F9: 0.0086496 | G9: 0
A10: 0.1032147 | B10: 9 | C10: 104.84927 | D10: 0.0095375003 | E10: 45 | F10: 0.0086515 | G10: 0
A11: 0.1130139 | B11: 10 | C11: 105.24876 | D11: 0.0095012998 | E11: 45 | F11: 0.0086647 | G11: 0
A12: 0.1225617 | B12: 11 | C12: 102.58304 | D12: 0.0097482 | E12: 45 | F12: 0.0086651 | G12: 0
A13: 0.1319558 | B13: 12 | C13: 105.52975 | D13: 0.0094760004 | E13: 45 | F13: 0.0086506 | G13: 0
A14: 0.1413666 | B14: 13 | C14: 106.12218 | D14: 0.0094231004 | E14: 45 | F14: 0.0086461 | G14: 0
... A200: 1.9381322 | B200: 199 | C200: 67.332359 | D200: 0.0148517 | E200: 45 | F200: 0.0086094 | G200: 0

Sheet nogrid_cubes_100
A1: time | B1: frame | C1: fps | D1: frameTime | E1: satTests | F1: satTime | G1: collisions | I1: label | J1: objects | K1: useGrid | L1: seed | M1: cellSize
A2: 0.95150691 | B2: 1 | C2: 0 | D2: 0 | E2: 4950 | F2: 0.9454636 | G2: 1 | I2: nogrid_cubes_100 | J2: 100 | K2: 0 | L2: 47 | M2: 5
A3: 1.8873622 | B3: 2 | C3: 1.0249132 | D3: 0.97569239 | E3: 4950 | F3: 0.9279156 | G3: 1
A4: 2.8178723 | B4: 3 | C4: 1.071417 | D4: 0.93334341 | E4: 4950 | F4: 0.925318 | G4: 1
A5: 3.7645464 | B5: 4 | C5: 1.0762994 | D5: 0.92910951 | E5: 4950 | F5: 0.9205683 | G5: 1
A6: 4.7107329 | B6: 5 | C6: 1.0573831 | D6: 0.9457311 | E6: 4950 | F6: 0.9208831 | G6: 1
A7: 5.6569381 | B7: 6 | C7: 1.056619 | D7: 0.94641489 | E7: 4950 | F7: 0.9224912 | G7: 1
A8: 6.6067605 | B8: 7 | C8: 1.0568616 | D8: 0.94619763 | E8: 4950 | F8: 0.9270464 | G8: 1
A9: 7.5546021 | B9: 8 | C9: 1.052531 | D9: 0.95009083 | E9: 4950 | F9: 0.9224497 | G9: 1
A10: 8.5010653 | B10: 9 | C10: 1.0553511 | D10: 0.94755191 | E10: 4950 | F10: 0.9223619 | G10: 1
A11: 9.4456615 | B11: 10 | C11: 1.0564322 | D11: 0.9465822 | E11: 4950 | F11: 0.9230897 | G11: 1
A12: 10.394644 | B12: 11 | C12: 1.0587006 | D12: 0.94455409 | E12: 4950 | F12: 0.9268311 | G12: 1
A13: 11.348643 | B13: 12 | C13: 1.0538236 | D13: 0.94892538 | E13: 4950 | F13: 0.9286639 | G13: 1
A14: 12.295424 | B14: 13 | C14: 1.0479715 | D14: 0.95422441 | E14: 4950 | F14: 0.9230682 | G14: 1
... A200: 186.52075 | B200: 199 | C200: 1.0819432 | D200: 0.924263 | E200: 4950 | F200: 0.9098632 | G200: 0

Sheet nogrid_cubes_200
A1: time | B1: frame | C1: fps | D1: frameTime | E1: satTests | F1: satTime | G1: collisions | I1: label | J1: objects | K1: useGrid | L1: seed | M1: cellSize
A2: 3.649281 | B2: 1 | C2: 0 | D2: 0 | E2: 19900 | F2: 3.636081 | G2: 2 | I2: nogrid_cubes_200 | J2: 200 | K2: 0 | L2: 47 | M2: 5
A3: 7.2819695 | B3: 2 | C3: 0.27206719 | D3: 3.6755626 | E3: 19900 | F3: 3.6206545 | G3: 2
A4: 10.928272 | B4: 3 | C4: 0.27550137 | D4: 3.6297462 | E4: 19900 | F4: 3.6375618 | G4: 2
A5: 14.599337 | B5: 4 | C5: 0.2742604 | D5: 3.6461699 | E5: 19900 | F5: 3.6409978 | G5: 2
A6: 18.249556 | B6: 5 | C6: 0.2725282 | D6: 3.6693449 | E6: 19900 | F6: 3.6214098 | G6: 2
A7: 21.899973 | B7: 6 | C7: 0.27384531 | D7: 3.6516964 | E7: 19900 | F7: 3.6235461 | G7: 2
A8: 25.546888 | B8: 7 | C8: 0.2739515 | D8: 3.6502812 | E8: 19900 | F8: 3.6215756 | G8: 2
A9: 29.188467 | B9: 8 | C9: 0.27419269 | D9: 3.6470702 | E9: 19900 | F9: 3.6139252 | G9: 2
A10: 32.824547 | B10: 9 | C10: 0.2746467 | D10: 3.6410415 | E10: 19900 | F10: 3.608311 | G10: 2
A11: 36.453411 | B11: 10 | C11: 0.27510068 | D11: 3.6350327 | E11: 19900 | F11: 3.6014634 | G11: 2
A12: 40.100632 | B12: 11 | C12: 0.27546409 | D12: 3.6302371 | E12: 19900 | F12: 3.6212537 | G12: 2
A13: 43.743286 | B13: 12 | C13: 0.27418548 | D13: 3.647166 | E13: 19900 | F13: 3.6146798 | G13: 2
A14: 47.448532 | B14: 13 | C14: 0.27452999 | D14: 3.6425891 | E14: 19900 | F14: 3.6778059 | G14: 2
... A200: 719.87573 | B200: 199 | C200: 0.27777398 | D200: 3.6000493 | E200: 19900 | F200: 3.5792303 | G200: 0

Sheet nogrid_cubes_50
A1: time | B1: frame | C1: fps | D1: frameTime | E1: satTests | F1: satTime | G1: collisions | I1: label | J1: objects | K1: useGrid | L1: seed | M1: cellSize
A2: 0.241016 | B2: 1 | C2: 0 | D2: 0 | E2: 1225 | F2: 0.2378228 | G2: 0 | I2: nogrid_cubes_50 | J2: 50 | K2: 0 | L2: 47 | M2: 5
A3: 0.48123801 | B3: 2 | C3: 3.7125328 | D3: 0.26935789 | E3: 1225 | F3: 0.2318529 | G3: 0
A4: 0.71498591 | B4: 3 | C4: 4.2716751 | D4: 0.23410019 | E4: 1225 | F4: 0.2299093 | G4: 0
A5: 0.96630162 | B5: 4 | C5: 4.2781391 | D5: 0.2337465 | E5: 1225 | F5: 0.2293838 | G5: 0
A6: 1.2028955 | B6: 5 | C6: 3.9906108 | D6: 0.25058821 | E6: 1225 | F6: 0.2329961 | G6: 0
A7: 1.453999 | B7: 6 | C7: 4.2177634 | D7: 0.23709249 | E7: 1225 | F7: 0.2300689 | G7: 0
A8: 1.687905 | B8: 7 | C8: 3.9902003 | D8: 0.25061399 | E8: 1225 | F8: 0.2303319 | G8: 0
A9: 1.921689 | B9: 8 | C9: 4.2724748 | D9: 0.2340564 | E9: 1225 | F9: 0.2300346 | G9: 0
A10: 2.1560531 | B10: 9 | C10: 4.2797318 | D10: 0.23365951 | E10: 1225 | F10: 0.2307065 | G10: 0
A11: 2.3912253 | B11: 10 | C11: 4.2655201 | D11: 0.234438 | E11: 1225 | F11: 0.2308134 | G11: 0
A12: 2.6416776 | B12: 11 | C12: 4.2426653 | D12: 0.23570091 | E12: 1225 | F12: 0.229568 | G12: 0
A13: 2.8754401 | B13: 12 | C13: 4.0002303 | D13: 0.24998561 | E13: 1225 | F13: 0.2299343 | G13: 0
A14: 3.109906 | B14: 13 | C14: 4.2785435 | D14: 0.2337244 | E14: 1225 | F14: 0.2306288 | G14: 0
... A200: 47.581478 | B200: 199 | C200: 3.9223609 | D200: 0.2549485 | E200: 1225 | F200: 0.2309269 | G200: 0

Sheet nogrid_tetra_10
A1: time | B1: frame | C1: fps | D1: frameTime | E1: satTests | F1: satTime | G1: collisions | I1: label | J1: objects | K1: useGrid | L1: seed | M1: cellSize
A2: 0.0020107001 | B2: 1 | C2: 0 | D2: 0 | E2: 45 | F2: 0.0012972 | G2: 0 | I2: nogrid_tetra_10 | J2: 10 | K2: 0 | L2: 47 | M2: 5
A3: 0.0088347001 | B3: 2 | C3: 36.492489 | D3: 0.0274029 | E3: 45 | F3: 0.0013607 | G3: 0
A4: 0.0117979 | B4: 3 | C4: 277.13113 | D4: 0.0036084 | E4: 45 | F4: 0.0013676 | G4: 0
A5: 0.0349392 | B5: 4 | C5: 43.391666 | D5: 0.023045899 | E5: 45 | F5: 0.0012461 | G5: 0
A6: 0.037280299 | B6: 5 | C6: 445.11703 | D6: 0.0022466001 | E6: 45 | F6: 0.001208 | G6: 0
A7: 0.039542399 | B7: 6 | C7: 433.38821 | D7: 0.0023074001 | E7: 45 | F7: 0.0012111 | G7: 0
A8: 0.042299401 | B8: 7 | C8: 451.60999 | D8: 0.0022143 | E8: 45 | F8: 0.0016144 | G8: 0
A9: 0.044701502 | B9: 8 | C9: 360.88055 | D9: 0.0027709999 | E9: 45 | F9: 0.0015422 | G9: 0
A10: 0.047101501 | B10: 9 | C10: 385.9216 | D10: 0.0025911999 | E10: 45 | F10: 0.0012266 | G10: 0
A11: 0.049714599 | B11: 10 | C11: 449.92352 | D11: 0.0022225999 | E11: 45 | F11: 0.0015769 | G11: 0
A12: 0.052235398 | B12: 11 | C12: 378.25775 | D12: 0.0026437 | E12: 45 | F12: 0.0014742 | G12: 0
A13: 0.054233801 | B13: 12 | C13: 406.73553 | D13: 0.0024586001 | E13: 45 | F13: 0.0012269 | G13: 0
A14: 0.0567987 | B14: 13 | C14: 505.94485 | D14: 0.0019765 | E14: 45 | F14: 0.0015264 | G14: 0
... A200: 0.4135085 | B200: 199 | C200: 584.35107 | D200: 0.0017113 | E200: 45 | F200: 0.0011854 | G200: 0

Sheet nogrid_tetra_100
A1: time | B1: frame | C1: fps | D1: frameTime | E1: satTests | F1: satTime | G1: collisions | I1: label | J1: objects | K1: useGrid | L1: seed | M1: cellSize
A2: 0.1324027 | B2: 1 | C2: 0 | D2: 0 | E2: 4950 | F2: 0.128596 | G2: 0 | I2: nogrid_tetra_100 | J2: 100 | K2: 0 | L2: 47 | M2: 5
A3: 0.27219549 | B3: 2 | C3: 6.8992782 | D3: 0.1449427 | E3: 4950 | F3: 0.1313126 | G3: 0
A4: 0.4078154 | B4: 3 | C4: 7.4427075 | D4: 0.1343597 | E4: 4950 | F4: 0.1320281 | G4: 0
A5: 0.54197109 | B5: 4 | C5: 7.3018875 | D5: 0.1369509 | E5: 4950 | F5: 0.1299513 | G5: 0
A6: 0.69681019 | B6: 5 | C6: 7.5486965 | D6: 0.1324732 | E6: 4950 | F6: 0.1285713 | G6: 0
A7: 0.8306573 | B7: 6 | C7: 6.4750862 | D7: 0.15443809 | E7: 4950 | F7: 0.1296912 | G7: 0
A8: 0.96567053 | B8: 7 | C8: 7.4701843 | D8: 0.13386551 | E8: 4950 | F8: 0.1295409 | G8: 0
A9: 1.0988755 | B9: 8 | C9: 7.4090371 | D9: 0.13497031 | E9: 4950 | F9: 0.1291101 | G9: 0
A10: 1.2327206 | B10: 9 | C10: 7.5096049 | D10: 0.1331628 | E10: 4950 | F10: 0.1297146 | G10: 0
A11: 1.366707 | B11: 10 | C11: 7.4582391 | D11: 0.1340799 | E11: 4950 | F11: 0.1294486 | G11: 0
A12: 1.5005909 | B12: 11 | C12: 7.4763837 | D12: 0.13375451 | E12: 4950 | F12: 0.1295865 | G12: 0
A13: 1.649055 | B13: 12 | C13: 7.4433618 | D13: 0.1343479 | E13: 4950 | F13: 0.1284327 | G13: 0
A14: 1.7821879 | B14: 13 | C14: 6.7575331 | D14: 0.147983 | E14: 4950 | F14: 0.1288662 | G14: 0
... A200: 27.059713 | B200: 199 | C200: 7.4318609 | D200: 0.1345558 | E200: 4950 | F200: 0.1284379 | G200: 0

Sheet nogrid_tetra_200
A1: time | B1: frame | C1: fps | D1: frameTime | E1: satTests | F1: satTime | G1: collisions | I1: label | J1: objects | K1: useGrid | L1: seed | M1: cellSize
A2: 0.52779698 | B2: 1 | C2: 0 | D2: 0 | E2: 19900 | F2: 0.519017 | G2: 1 | I2: nogrid_tetra_200 | J2: 200 | K2: 0 | L2: 47 | M2: 5
A3: 1.0507128 | B3: 2 | C3: 1.8533126 | D3: 0.53957438 | E3: 19900 | F3: 0.5117752 | G3: 1
A4: 1.5649705 | B4: 3 | C4: 1.9271584 | D4: 0.51889873 | E4: 19900 | F4: 0.5072011 | G4: 1
A5: 2.0988481 | B5: 4 | C5: 1.9462303 | D5: 0.51381379 | E5: 19900 | F5: 0.5048256 | G5: 1
A6: 2.628279 | B6: 5 | C6: 1.8768824 | D6: 0.53279841 | E6: 19900 | F6: 0.5065382 | G6: 1
A7: 3.1640594 | B7: 6 | C7: 1.8886344 | D7: 0.52948308 | E7: 19900 | F7: 0.5071373 | G7: 1
A8: 3.6977146 | B8: 7 | C8: 1.866396 | D8: 0.53579199 | E8: 19900 | F8: 0.5057471 | G8: 1
A9: 4.2118001 | B9: 8 | C9: 1.8752824 | D9: 0.53325301 | E9: 19900 | F9: 0.5073286 | G9: 0
A10: 4.7408929 | B10: 9 | C10: 1.9438987 | D10: 0.51443011 | E10: 19900 | F10: 0.506302 | G10: 0
A11: 5.255774 | B11: 10 | C11: 1.8914293 | D11: 0.52870071 | E11: 19900 | F11: 0.5076506 | G11: 0
A12: 5.7876139 | B12: 11 | C12: 1.9409403 | D12: 0.5152142 | E12: 19900 | F12: 0.5038955 | G12: 0
A13: 6.3027978 | B13: 12 | C13: 1.88164 | D13: 0.53145128 | E13: 19900 | F13: 0.5085154 | G13: 0
A14: 6.8328495 | B14: 13 | C14: 1.9393722 | D14: 0.51563078 | E14: 19900 | F14: 0.5060574 | G14: 0
... A200: 103.30308 | B200: 199 | C200: 1.9565469 | D200: 0.51110452 | E200: 19900 | F200: 0.5035381 | G200: 0

Sheet nogrid_tetra_50
A1: time | B1: frame | C1: fps | D1: frameTime | E1: satTests | F1: satTime | G1: collisions | I1: label | J1: objects | K1: useGrid | L1: seed | M1: cellSize
A2: 0.034289099 | B2: 1 | C2: 0 | D2: 0 | E2: 1225 | F2: 0.032478 | G2: 0 | I2: nogrid_tetra_50 | J2: 50 | K2: 0 | L2: 47 | M2: 5
A3: 0.0724269 | B3: 2 | C3: 17.521635 | D3: 0.0570723 | E3: 1225 | F3: 0.033002 | G3: 0
A4: 0.1063491 | B4: 3 | C4: 28.696463 | D4: 0.034847502 | E4: 1225 | F4: 0.0322042 | G4: 0
A5: 0.140413 | B5: 4 | C5: 29.431328 | D5: 0.033977401 | E5: 1225 | F5: 0.0322133 | G5: 0
A6: 0.17444859 | B6: 5 | C6: 29.343327 | D6: 0.034079298 | E6: 1225 | F6: 0.0321798 | G6: 0
A7: 0.20888519 | B7: 6 | C7: 29.806526 | D7: 0.0335497 | E7: 1225 | F7: 0.0327669 | G7: 0
A8: 0.24353869 | B8: 7 | C8: 28.70676 | D8: 0.034835 | E8: 1225 | F8: 0.0327182 | G8: 0
A9: 0.2785863 | B9: 8 | C9: 29.06529 | D9: 0.034405299 | E9: 1225 | F9: 0.0330133 | G9: 0
A10: 0.31349611 | B10: 9 | C10: 28.55813 | D10: 0.035016298 | E10: 1225 | F10: 0.0330842 | G10: 0
A11: 0.34950709 | B11: 10 | C11: 28.323475 | D11: 0.035306402 | E11: 1225 | F11: 0.033977 | G11: 0
A12: 0.38434371 | B12: 11 | C12: 27.537058 | D12: 0.0363147 | E12: 1225 | F12: 0.0325669 | G12: 0
A13: 0.41827461 | B13: 12 | C13: 29.241135 | D13: 0.0341984 | E13: 1225 | F13: 0.0321609 | G13: 0
A14: 0.4523043 | B14: 13 | C14: 29.618395 | D14: 0.033762801 | E14: 1225 | F14: 0.0321732 | G14: 0
... A200: 6.7242723 | B200: 199 | C200: 30.016329 | D200: 0.0333152 | E200: 1225 | F200: 0.032119 | G200: 0

Sheet nogrid_tetra_500
A1: time | B1: frame | C1: fps | D1: frameTime | E1: satTests | F1: satTime | G1: collisions | I1: label | J1: objects | K1: useGrid | L1: seed | M1: cellSize
A2: 3.1921024 | B2: 1 | C2: 0 | D2: 0 | E2: 124750 | F2: 3.163236 | G2: 4 | I2: nogrid_tetra_500 | J2: 500 | K2: 0 | L2: 47 | M2: 5
A3: 6.362947 | B3: 2 | C3: 0.31071362 | D3: 3.2183979 | E3: 124750 | F3: 3.1446647 | G3: 4
A4: 9.5354452 | B4: 3 | C4: 0.31570241 | D4: 3.1675401 | E4: 124750 | F4: 3.150013 | G4: 4
A5: 12.729698 | B5: 4 | C5: 0.31523892 | D5: 3.1721971 | E5: 124750 | F5: 3.1562013 | G5: 4
A6: 15.930777 | B6: 5 | C6: 0.31317756 | D6: 3.1930768 | E6: 124750 | F6: 3.1754459 | G6: 4
A7: 19.117031 | B7: 6 | C7: 0.31226948 | D7: 3.2023623 | E7: 124750 | F7: 3.1495471 | G7: 4
A8: 22.290728 | B8: 7 | C8: 0.31386828 | D8: 3.1860499 | E8: 124750 | F8: 3.1331926 | G8: 3
A9: 25.451107 | B9: 8 | C9: 0.31508651 | D9: 3.1737316 | E9: 124750 | F9: 3.1242982 | G9: 2
A10: 28.620041 | B10: 9 | C10: 0.31656712 | D10: 3.1588879 | E10: 124750 | F10: 3.1310078 | G10: 2
A11: 31.792398 | B11: 10 | C11: 0.31543007 | D11: 3.1702747 | E11: 124750 | F11: 3.1337478 | G11: 2
A12: 34.975159 | B12: 11 | C12: 0.31536335 | D12: 3.1709456 | E12: 124750 | F12: 3.1403971 | G12: 2
A13: 38.152206 | B13: 12 | C13: 0.31405714 | D13: 3.184134 | E13: 124750 | F13: 3.1332698 | G13: 2
A14: 41.333103 | B14: 13 | C14: 0.31477839 | D14: 3.1768382 | E14: 124750 | F14: 3.1382193 | G14: 2
... A200: 632.604 | B200: 199 | C200: 0.31621271 | D200: 3.1624281 | E200: 124750 | F200: 3.1622139 | G200: 2
